{"cameraMode":{"drawMode":0,"name":"Shaded","section":"Shading Mode"},"sceneLighting":false,"audioPlay":false,"sceneViewState":{"showFog":true,"showMaterialUpdate":true,"showSkybox":false,"showFlares":true,"showImageEffects":true,"showParticleSystems":true},"in2DMode":false,"pivot":{"x":-35.14421844482422,"y":1792.643310546875,"z":6181.919921875},"rotation":{"x":-0.19312193989753724,"y":-0.4471147358417511,"z":0.0995141863822937,"w":-0.8676925301551819},"size":4.041658401489258,"orthographic":false}