{"cameraMode":{"drawMode":0,"name":"Shaded","section":"Shading Mode"},"sceneLighting":true,"audioPlay":false,"sceneViewState":{"showFog":true,"showMaterialUpdate":true,"showSkybox":true,"showFlares":true,"showImageEffects":true,"showParticleSystems":true},"in2DMode":false,"pivot":{"x":0.15503501892089845,"y":2.586573600769043,"z":-4.499419689178467},"rotation":{"x":0.17768697440624238,"y":0.2723415195941925,"z":-0.05124777555465698,"w":0.9442644715309143},"size":8.62414836883545,"orthographic":false}