{"cameraMode":{"drawMode":0,"name":"Shaded","section":"Shading Mode"},"sceneLighting":true,"audioPlay":false,"sceneViewState":{"showFog":true,"showMaterialUpdate":true,"showSkybox":true,"showFlares":true,"showImageEffects":true,"showParticleSystems":true},"in2DMode":false,"pivot":{"x":4.605832099914551,"y":-4.425820350646973,"z":-0.11665868759155274},"rotation":{"x":0.2624325454235077,"y":0.632330060005188,"z":-0.24126507341861726,"w":0.6878082156181336},"size":18.006885528564454,"orthographic":false}