{"cameraMode":{"drawMode":0,"name":"Shaded","section":"Shading Mode"},"sceneLighting":false,"audioPlay":false,"sceneViewState":{"showFog":true,"showMaterialUpdate":true,"showSkybox":false,"showFlares":true,"showImageEffects":true,"showParticleSystems":true},"in2DMode":false,"pivot":{"x":0.1550350785255432,"y":2.586573600769043,"z":-4.499419689178467},"rotation":{"x":0.21020042896270753,"y":0.7340802550315857,"z":-0.2613244950771332,"w":0.590470016002655},"size":4.041658401489258,"orthographic":false}