{"cameraMode":{"drawMode":0,"name":"Shaded","section":"Shading Mode"},"sceneLighting":true,"audioPlay":false,"sceneViewState":{"showFog":true,"showMaterialUpdate":true,"showSkybox":true,"showFlares":true,"showImageEffects":true,"showParticleSystems":true},"in2DMode":false,"pivot":{"x":-1.327561378479004,"y":-0.0410456657409668,"z":0.21607232093811036},"rotation":{"x":0.21020042896270753,"y":0.7340802550315857,"z":-0.2613244950771332,"w":0.590470016002655},"size":16.73344612121582,"orthographic":false}